Date,VVAR3.SA
1996-07-10,2.6839449019295265
1996-10-15,3.3101987123797487
1996-10-16,3.2516399145194685
1996-10-21,3.253266547793366
1996-11-18,3.2272404154110186
1996-12-26,2.570080572756759
1997-01-29,2.4399499108450238
1997-02-07,3.3345982114881987
1997-03-07,
1997-05-20,1.6754322721135835
1997-06-02,
1997-07-07,1.626633273896683
1997-07-30,1.301306619117346
1997-08-13,1.3842649160860765
1997-08-19,1.9519599286760192
1997-08-21,1.9519599286760192
1997-10-31,1.626633273896683
1997-11-12,1.4655965797809107
1997-11-26,1.626633273896683
1998-01-26,
1998-02-27,
1998-03-12,1.4639699465070144
1999-02-10,0.4912432487167982
1999-07-23,0.8133166369483416
1999-07-27,
1999-08-24,0.9759799643380096
1999-11-26,0.9759799643380096
1999-12-03,1.0573116280328436
1999-12-13,1.3663719500732139
2000-03-30,1.3582387837037304
2000-04-10,1.3582387837037304
2000-04-14,1.5453016102018484
2000-05-12,1.2704005869133093
2000-05-24,1.626633273896683
2000-06-05,2.1146232560656872
2000-06-15,2.76527656562436
2000-07-06,
2000-08-18,2.749010232885394
2000-09-01,
2000-09-04,
2000-10-03,2.927939893014029
2000-10-05,
2000-10-27,2.927939893014029
2000-10-31,3.0092715567088635
2001-01-10,
2001-03-14,
2002-07-31,
2003-06-09,
2003-08-15,1.0654447944023269
2003-09-15,1.2199749554225119
2004-03-25,1.2199749554225119
2004-06-02,1.4639699465070144
2004-06-14,1.4639699465070144
2004-06-15,1.4639699465070144
2004-06-21,1.5453016102018484
2004-07-02,1.4639699465070144
2004-08-05,1.7892966012863507
2006-04-12,2.763649932350462
2006-04-20,2.6839449019295265
2006-04-25,3.415929875183033
2006-07-11,
2006-11-03,
2006-12-08,3.1719348840985306
2006-12-19,3.017404723078347
2006-12-27,2.927939893014029
2007-01-09,3.0499373885562804
2007-01-12,3.0678303545691428
2007-01-15,3.017404723078347
2007-01-16,2.940952959205203
2007-01-23,2.7782896318155332
2007-01-30,3.0092715567088635
2007-02-13,3.041804222186796
2007-03-08,
2007-04-10,3.583473102394393
2007-04-16,4.066583184741708
2007-04-20,4.391909839521042
2007-04-23,4.391909839521042
2007-05-02,5.857506419301953
2007-05-16,6.018543113417727
2007-05-17,6.181206440807394
2007-05-22,6.506533095586732
2007-05-30,6.506533095586732
2007-06-05,6.506533095586732
2007-06-18,6.343869768197061
2007-06-21,6.425201431891897
2007-07-11,7.350755764739108
2007-07-23,8.133166369483416
2007-07-24,
2007-08-01,8.131539736209517
2007-08-07,
2007-08-16,7.319849732535071
2007-09-05,6.6870893889892615
2007-09-20,6.831859750366066
2007-10-26,7.319849732535071
2007-11-08,
2007-11-16,7.319849732535071
2007-12-07,6.994523077755736
2007-12-11,6.994523077755736
2008-01-08,8.76539525019637
2008-01-09,8.774394629303346
2008-01-10,8.774394629303346
2008-01-11,8.549410151628903
2008-01-16,8.436917912791682
2008-01-17,7.424487763256679
2008-01-18,8.547160306852161
2008-01-21,7.872206873828826
2008-01-22,7.874456718605573
2008-01-24,6.999267100451978
2008-01-28,6.535799076442622
2008-01-29,7.042014151210123
2008-01-30,7.422237918479935
2008-01-31,6.974518807907789
2008-02-01,7.199503285582233
2008-02-06,6.974518807907789
2008-02-08,6.972268963131045
2008-02-11,7.199503285582233
2008-02-12,6.9700191183543
2008-02-13,6.9700191183543
2008-02-14,6.749534330233344
2008-02-15,6.9700191183543
2008-02-18,6.9700191183543
2008-02-19,6.8597767242938215
2008-02-20,6.972268963131045
2008-02-21,7.199503285582233
2008-02-22,7.514481554326459
2008-02-25,7.626973793163678
2008-02-26,7.143257166163623
2008-02-27,7.087011046745012
2008-02-28,7.07576182286129
2008-02-29,7.087011046745012
2008-03-03,6.749534330233344
2008-03-04,7.197253440805489
2008-03-05,6.974518807907789
2008-03-06,6.9700191183543
2008-03-07,7.042014151210123
2008-03-10,7.199503285582233
2008-03-11,7.424487763256679
2008-03-12,7.410988694596212
2008-03-13,7.3997394707124915
2008-03-14,7.356992419954346
2008-03-17,6.974518807907789
2008-03-18,7.311995524419456
2008-03-19,7.199503285582233
2008-03-20,7.18150452736828
2008-03-24,7.042014151210123
2008-03-25,7.0285150825496565
2008-03-26,6.925022222819412
2008-03-27,5.917091762837899
2008-03-28,5.849596419535565
2008-03-31,5.509869858247153
2008-04-01,5.512119703023898
2008-04-02,5.3996274641866755
2008-04-03,5.3996274641866755
2008-04-04,5.287135225349454
2008-04-07,5.3996274641866755
2008-04-08,5.3996274641866755
2008-04-09,5.3996274641866755
2008-04-10,5.4873714104797084
2008-04-11,5.588614425433209
2008-04-14,5.579615046326232
2008-04-15,5.622362097084374
2008-04-16,5.802349679223932
2008-04-17,5.6696088373960105
2008-04-18,5.624611941861122
2008-04-22,5.617862407530886
2008-04-23,5.552616909005297
2008-04-24,5.4873714104797084
2008-04-25,5.512119703023898
2008-04-28,5.512119703023898
2008-04-29,5.354630568651786
2008-04-30,6.162256866891817
2008-05-02,6.141708400125597
2008-05-05,6.073213510904868
2008-05-06,6.048098718190598
2008-05-07,6.048098718190598
2008-05-08,6.02298392547633
2008-05-09,6.162256866891817
2008-05-12,6.025267088450354
2008-05-13,6.038966066294501
2008-05-14,6.048098718190598
2008-05-15,6.025267088450354
2008-05-16,5.4795911376585265
2008-05-19,5.5937492863597456
2008-05-20,5.785534976177794
2008-05-21,5.696491620190843
2008-05-26,5.705624272086939
2008-05-27,5.7535706945414535
2008-05-28,5.776402324281696
2008-05-30,5.776402324281696
2008-06-02,5.776402324281696
2008-06-03,5.776402324281696
2008-06-04,5.776402324281696
2008-06-05,5.4795911376585265
2008-06-06,5.659961012606453
2008-06-09,5.63712938286621
2008-06-10,5.6850758053207215
2008-06-11,5.705624272086939
2008-06-12,5.707907435060966
2008-06-16,5.6850758053207215
2008-06-17,5.705624272086939
2008-06-18,5.6394125458402335
2008-06-20,5.5937492863597456
2008-06-24,5.296938099736575
2008-06-25,5.091453432074382
2008-06-26,5.091453432074382
2008-06-27,5.000126913113406
2008-06-30,4.714731541360357
2008-07-01,4.680484096749991
2008-07-02,4.66906828187987
2008-07-03,4.632537674295477
2008-07-04,4.566325948048773
2008-07-07,4.566325948048773
2008-07-08,4.566325948048773
2008-07-14,4.538927992360479
2008-07-15,4.538927992360479
2008-07-17,4.406504539867066
2008-07-18,4.516096362620235
2008-07-23,4.223851501945115
2008-07-24,4.219285175997065
2008-07-25,3.9932520415686508
2008-07-28,3.6530607584390173
2008-07-29,3.767218907140237
2008-07-30,3.6530607584390173
2008-07-31,4.109693353243895
2008-08-01,4.064030093763407
2008-08-04,3.8813770558414555
2008-08-05,3.8813770558414555
2008-08-06,3.8768107298934074
2008-08-08,3.8813770558414555
2008-08-11,3.8790938928674294
2008-08-12,3.7649357441662112
2008-08-13,3.767218907140237
2008-08-14,3.6530607584390173
2008-08-15,3.6507775954649935
2008-08-18,3.6073974989585302
2008-08-19,3.6028311730104807
2008-08-20,3.605114335984505
2008-08-21,3.6028311730104807
2008-08-22,3.6028311730104807
2008-08-25,3.5389026097377982
2008-08-26,3.4224612980625544
2008-08-27,3.4019128312963356
2008-08-28,3.3105863123353605
2008-08-29,3.3083031493613353
2008-09-01,3.4019128312963356
2008-09-03,3.3105863123353605
2008-09-04,3.3105863123353605
2008-09-05,3.1941450006601166
2008-09-08,3.19642816363414
2008-09-09,3.079986851958897
2008-09-10,3.1051016446731645
2008-09-11,3.0708542000627985
2008-09-12,3.0822700149329205
2008-09-15,3.0822700149329205
2008-09-16,3.0822700149329205
2008-09-17,3.059438385192677
2008-09-18,3.0822700149329205
2008-09-19,3.2626398898808473
2008-09-22,3.19642816363414
2008-09-23,3.150764904153653
2008-09-24,3.059438385192677
2008-09-25,3.01377512571219
2008-09-26,3.01377512571219
2008-09-29,2.853953717530483
2008-09-30,2.8767853472707268
2008-10-01,2.8311220877902388
2008-10-02,2.853953717530483
2008-10-03,2.945280236491458
2008-10-06,2.5571425309073126
2008-10-07,2.397321122725605
2008-10-08,2.169004825323167
2008-10-09,2.169004825323167
2008-10-10,1.8265303792195087
2008-10-13,2.0548466766219473
2008-10-14,2.1918364550634104
2008-10-15,2.0890941212323133
2008-10-16,2.0890941212323133
2008-10-17,2.0868109582582886
2008-10-20,2.237499714543898
2008-10-21,2.2831629740243864
2008-10-22,2.169004825323167
2008-10-23,2.0548466766219473
2008-10-24,2.052563513647923
2008-10-27,1.8242472162454841
2008-10-28,1.59821408181707
2008-10-29,1.59821408181707
2008-10-30,1.4383926736353634
2008-10-31,1.5753824520768265
2008-11-03,1.7123722305182894
2008-11-04,1.8265303792195087
2008-11-05,1.7785839567649966
2008-11-06,1.7557523270247528
2008-11-07,1.6552931561676802
2008-11-10,1.6781247859079236
2008-11-11,1.59821408181707
2008-11-12,1.5753824520768265
2008-11-13,1.59821408181707
2008-11-14,1.5959309188430457
2008-11-17,1.59821408181707
2008-11-18,1.5297191925963385
2008-11-19,1.3927294141548754
2008-11-21,1.484055933115851
2008-11-24,1.5753824520768265
2008-11-25,1.484055933115851
2008-11-26,1.4155610438951194
2008-11-27,1.2899870803237783
2008-11-28,1.3242345249341438
2008-12-01,1.3242345249341438
2008-12-02,1.408711554973046
2008-12-03,1.4155610438951194
2008-12-04,1.3698977844146316
2008-12-05,1.367614621440607
2008-12-08,1.367614621440607
2008-12-09,1.4132778809210949
2008-12-10,1.3698977844146316
2008-12-11,1.3698977844146316
2008-12-12,1.367614621440607
2008-12-15,1.3698977844146316
2008-12-16,1.3698977844146316
2008-12-17,1.3698977844146316
2008-12-18,1.3698977844146316
2008-12-19,1.3698977844146316
2008-12-22,1.2991197322198755
2008-12-23,1.2534564727393878
2008-12-26,1.107334042401827
2008-12-29,1.0982013905057297
2008-12-30,1.1529973018823152
2009-01-02,1.107334042401827
2009-01-05,1.232908005973169
2009-01-06,1.2443238208432907
2009-01-07,1.2534564727393878
2009-01-08,1.2671554505835343
2009-01-09,1.2694386135575584
2009-01-12,1.1826784205446317
2009-01-13,1.2100763762329243
2009-01-14,1.178112094596583
2009-01-16,1.1849615835186567
2009-01-19,1.175828931622559
2009-01-20,1.1986605613628025
2009-01-21,1.2534564727393878
2009-01-23,1.2785712654536563
2009-01-26,1.2899870803237783
2009-01-27,1.2534564727393878
2009-01-28,1.255739635713412
2009-01-29,1.1986605613628025
2009-01-30,1.1986605613628025
2009-02-02,1.2443238208432907
2009-02-03,1.3014028951938998
2009-02-04,1.3447829917003638
2009-02-06,1.3698977844146316
2009-02-09,1.3698977844146316
2009-02-10,1.3698977844146316
2009-02-11,1.3242345249341438
2009-02-12,1.3242345249341438
2009-02-13,1.3470661546743876
2009-02-16,1.367614621440607
2009-02-17,1.3584819695445096
2009-02-20,1.3584819695445096
2009-02-26,1.2899870803237783
2009-02-27,1.3698977844146316
2009-03-02,1.3128187100640223
2009-03-03,1.3014028951938998
2009-03-04,1.331084013856217
2009-03-06,1.3014028951938998
2009-03-09,1.3014028951938998
2009-03-10,1.3014028951938998
2009-03-11,1.3128187100640223
2009-03-17,1.3470661546743876
2009-03-18,1.321951361960119
2009-03-19,1.3493493176484121
2009-03-20,1.321951361960119
2009-03-23,1.3242345249341438
2009-03-24,1.321951361960119
2009-03-25,1.276288102479632
2009-03-26,1.3014028951938998
2009-03-27,1.3014028951938998
2009-03-30,1.4657906293236558
2009-03-31,1.472640118245729
2009-04-01,1.5297191925963385
2009-04-02,1.5662498001807288
2009-04-03,1.5867982669469485
2009-04-06,1.5594003112586559
2009-04-07,1.4954717479859725
2009-04-08,1.5297191925963385
2009-04-09,1.774017630816948
2009-04-13,1.7694513048688991
2009-04-14,1.8950252684402409
2009-04-15,1.9749359725310942
2009-04-16,1.881326290596094
2009-04-17,1.8219640532714603
2009-04-20,1.7991324235312163
2009-04-22,1.7443365121546306
2009-04-23,1.680407948881948
2009-04-24,1.8265303792195087
2009-04-27,1.7854334456870702
2009-04-28,1.780867119739021
2009-04-29,1.7580354899987773
2009-04-30,1.8379461940896311
2009-05-04,1.8727301976775632
2009-05-05,1.8681457908289039
2009-05-06,1.8612691805559138
2009-05-07,1.8796068079505532
2009-05-08,1.925450876437153
2009-05-11,1.9025288421938533
2009-05-12,1.911697655891172
2009-05-13,1.9185742661641627
2009-05-14,1.9483729106804513
2009-05-15,1.9139898593155031
2009-05-18,1.9277430798614827
2009-05-19,1.925450876437153
2009-05-20,1.8956522319208629
2009-05-21,1.8452237565856047
2009-05-22,1.9048210456181824
2009-05-25,1.9483729106804513
2009-05-26,1.9414963004074621
2009-05-27,1.9942169791670508
2009-05-28,2.040061047653649
2009-05-29,2.062983081896949
2009-06-01,2.097366133261898
2009-06-02,2.062983081896949
2009-06-03,2.062983081896949
2009-06-04,2.1409179983241664
2009-06-05,2.1432102017484964
2009-06-08,1.7695810435827162
2009-06-09,1.817717315493645
2009-06-10,1.7879186709773556
2009-06-12,1.7879186709773556
2009-06-15,1.7649966367340564
2009-06-16,1.7649966367340564
2009-06-17,1.7672888401583862
2009-06-18,1.7672888401583862
2009-06-19,1.7649966367340564
2009-06-22,1.7649966367340564
2009-06-23,1.7535356196124068
2009-06-24,1.7649966367340564
2009-06-25,1.7649966367340564
2009-06-26,1.7581200264610666
2009-06-29,1.7581200264610666
2009-06-30,1.7649966367340564
2009-07-01,1.7649966367340564
2009-07-02,1.7902108744016856
2009-07-03,1.776457653855706
2009-07-06,1.776457653855706
2009-07-07,1.7993796880990054
2009-07-08,1.842931553161274
2009-07-10,1.8337627394639544
2009-07-13,1.8337627394639544
2009-07-14,1.8360549428882842
2009-07-15,1.8452237565856047
2009-07-16,1.8223017223423048
2009-07-17,1.8452237565856047
2009-07-20,1.8727301976775632
2009-07-21,1.8796068079505532
2009-07-22,1.9025288421938533
2009-07-23,1.8612691805559138
2009-07-24,1.891067825072203
2009-07-27,1.8704379942532332
2009-07-28,1.875022401101893
2009-07-29,1.877314604526223
2009-07-30,1.8933600284965328
2009-07-31,1.891067825072203
2009-08-03,1.9208664695884932
2009-08-04,1.9162820627398327
2009-08-05,1.884191214799213
2009-08-06,1.8681457908289039
2009-08-07,1.8566847737072538
2009-08-10,1.9919247757427203
2009-08-11,1.9598339278021013
2009-08-12,1.9139898593155031
2009-08-13,1.891067825072203
2009-08-14,1.8360549428882842
2009-08-17,1.854392570282924
2009-08-19,1.8108407052206552
2009-08-20,1.8452237565856047
2009-08-21,1.8681457908289039
2009-08-24,1.8452237565856047
2009-08-25,1.696230534004158
2009-08-26,1.8337627394639544
2009-08-28,1.7993796880990054
2009-08-31,1.7993796880990054
2009-09-02,1.7879186709773556
2009-09-03,1.7420746024907567
2009-09-04,1.7214447716717873
2009-09-08,1.820009518917975
2009-09-09,1.8223017223423048
2009-09-10,1.8337627394639544
2009-09-11,1.8337627394639544
2009-09-14,1.8566847737072538
2009-09-15,1.897944435345193
2009-09-16,1.8796068079505532
2009-09-17,1.8933600284965328
2009-09-18,1.9025288421938533
2009-09-22,1.9002366387695226
2009-09-23,1.897944435345193
2009-09-25,1.9208664695884932
2009-09-28,1.8566847737072538
2009-09-29,1.891067825072203
2009-09-30,1.8475159600099347
2009-10-01,1.8566847737072538
2009-10-02,1.8796068079505532
2009-10-05,1.8681457908289039
2009-10-06,1.8796068079505532
2009-10-07,1.8681457908289039
2009-10-08,1.8452237565856047
2009-10-09,1.8681457908289039
2009-10-13,1.8681457908289039
2009-10-14,1.8452237565856047
2009-10-15,1.8452237565856047
2009-10-16,1.8475159600099347
2009-10-19,1.8498081634342636
2009-10-20,1.891067825072203
2009-10-21,1.8818990113748832
2009-10-22,1.8681457908289039
2009-10-23,1.7672888401583862
2009-10-26,1.7902108744016856
2009-10-28,1.8337627394639544
2009-10-29,1.8337627394639544
2009-10-30,1.8452237565856047
2009-11-03,1.8337627394639544
2009-11-04,1.8452237565856047
2009-11-05,1.875022401101893
2009-11-06,1.8796068079505532
2009-11-09,1.8452237565856047
2009-11-10,1.8452237565856047
2009-11-11,1.891067825072203
2009-11-13,1.8681457908289039
2009-11-16,1.891067825072203
2009-11-17,1.891067825072203
2009-11-18,1.8864834182235428
2009-11-19,2.0171390134103504
2009-11-23,2.0171390134103504
2009-11-24,2.062983081896949
2009-11-25,2.1202881675051977
2009-11-26,2.1248725743538572
2009-11-27,2.1959308805080857
2009-11-30,2.177593253113446
2009-12-01,2.338047492816542
2009-12-02,2.4526576640330386
2009-12-03,3.321402761854088
2009-12-04,4.263498369253695
2009-12-07,4.080122095307298
2009-12-08,3.782135650144406
2009-12-09,3.392461068008316
2009-12-10,3.4039220851299654
2009-12-11,3.5070712392248136
2009-12-14,3.474980391284194
2009-12-15,3.536869883741102
2009-12-16,3.6079281898953304
2009-12-17,3.5872983590763607
2009-12-18,3.4956102221031635
2009-12-21,3.4841492049815135
2009-12-22,3.571252935106051
2009-12-23,3.559791917984402
2009-12-28,3.5277010700437827
2009-12-29,3.518532256346463
2009-12-30,3.5299932734681128
2010-01-04,3.564376324833061
2010-01-05,3.474980391284194
2010-01-06,3.4405973399192447
2010-01-07,3.4497661536165647
2010-01-08,3.4474739501922342
2010-01-11,3.667525478927909
2010-01-12,3.552915307711412
2010-01-13,3.552915307711412
2010-01-14,3.552915307711412
2010-01-15,3.541454290589762
2010-01-18,3.4497661536165647
2010-01-19,3.4245519159489346
2010-01-20,3.397045474856976
2010-01-21,3.140318691332022
2010-01-22,3.025708520115525
2010-01-26,3.0715525886021235
2010-01-27,2.9798644516289263
2010-01-28,2.934020383142327
2010-01-29,3.048630554358825
2010-02-01,2.8652542804124295
2010-02-02,2.7735661434392314
2010-02-03,2.6154041071604652
2010-02-04,2.581021055795516
2010-02-05,2.6818780064660332
2010-02-08,2.7162610578309825
2010-02-09,2.6360339379794353
2010-02-10,2.7483519057716017
2010-02-11,2.7506441091959317
2010-02-12,2.7506441091959317
2010-02-17,2.7506441091959317
2010-02-18,2.7483519057716017
2010-02-19,2.487040715397989
2010-02-22,2.5947742763414956
2010-02-23,2.567267835249537
2010-02-24,2.493917325670979
2010-02-25,2.574144445522527
2010-02-26,2.521423766762937
2010-03-01,2.4778719017006687
2010-03-02,2.5328847838845867
2010-03-03,2.521423766762937
2010-03-04,2.7460597023472717
2010-03-05,2.84233224616913
2010-03-08,
2010-03-09,2.8652542804124295
2010-03-10,2.934020383142327
2010-03-11,2.934020383142327
2010-03-12,2.9798644516289263
2010-03-15,2.993617672174906
2010-03-16,3.0944746228454227
2010-03-17,2.934020383142327
2010-03-18,3.0898902159967636
2010-03-19,3.0715525886021235
2010-03-22,3.0921824194210936
2010-03-23,3.0944746228454227
2010-03-24,3.0944746228454227
2010-03-25,2.9798644516289263
2010-03-26,3.112812250240063
2010-03-29,3.105935639967073
2010-03-30,2.9821566550532568
2010-03-31,3.0692603851777935
2010-04-01,2.9821566550532568
2010-04-06,3.025708520115525
2010-04-07,3.0921824194210936
2010-04-09,3.0921824194210936
2010-04-12,2.986741061901915
2010-04-13,3.1219810639373824
2010-04-14,3.0944746228454227
2010-04-15,3.140318691332022
2010-04-16,3.0623837749048044
2010-04-19,3.002786485872225
2010-04-20,3.002786485872225
2010-04-22,3.0577993680561444
2010-04-23,3.060091571480474
2010-04-26,2.9798644516289263
2010-04-27,2.9798644516289263
2010-04-28,
2010-04-29,2.9798644516289263
2010-04-30,2.911098348899027
2010-05-03,3.0944746228454227
2010-05-04,3.025708520115525
2010-05-05,3.025708520115525
2010-05-07,
2010-05-11,3.044046147510165
2010-05-12,2.977572248204596
2010-05-13,2.911098348899027
2010-05-17,2.9798644516289263
2010-05-18,2.9569424173856267
2010-05-19,2.8881763146557287
2010-05-20,2.9798644516289263
2010-05-21,2.8652542804124295
2010-05-24,2.9798644516289263
2010-05-26,2.9798644516289263
2010-05-27,3.002786485872225
2010-05-31,
2010-06-01,
2010-06-04,2.7506441091959317
2010-06-09,2.7735661434392314
2010-06-10,3.025708520115525
2010-06-11,2.9798644516289263
2010-06-15,3.025708520115525
2010-06-21,
2010-06-22,3.048630554358825
2010-06-23,3.048630554358825
2010-06-24,
2010-06-25,3.023416316691195
2010-06-28,2.9798644516289263
2010-06-30,2.934020383142327
2010-07-01,3.048630554358825
2010-07-02,3.4383051364949146
2010-07-05,3.4383051364949146
2010-07-06,3.277850896791819
2010-07-07,3.4383051364949146
2010-07-12,
2010-07-14,3.4383051364949146
2010-07-15,
2010-07-19,3.20908479406192
2010-07-20,3.20908479406192
2010-07-21,3.1288576742103724
2010-07-26,3.1288576742103724
2010-07-27,3.1173966570887224
2010-07-28,3.20908479406192
2010-07-29,3.369539033765016
2010-07-30,3.518532256346463
2010-08-02,3.4383051364949146
2010-08-04,3.4383051364949146
2010-08-05,3.4383051364949146
2010-08-06,3.4383051364949146
2010-08-09,3.4612271707382134
2010-08-13,3.4383051364949146
2010-08-16,3.4383051364949146
2010-08-17,3.4383051364949146
2010-08-18,3.4383051364949146
2010-08-19,3.4383051364949146
2010-08-23,3.4383051364949146
2010-08-24,3.5070712392248136
2010-08-25,3.552915307711412
2010-08-26,3.4841492049815135
2010-08-27,3.4383051364949146
2010-08-30,3.4383051364949146
2010-09-01,3.4383051364949146
2010-09-02,3.415383102251616
2010-09-03,3.4383051364949146
2010-09-06,3.4383051364949146
2010-09-08,3.4383051364949146
2010-09-09,3.4360129330705846
2010-09-10,3.4383051364949146
2010-09-13,3.4383051364949146
2010-09-14,
2010-09-15,3.4383051364949146
2010-09-17,3.4383051364949146
2010-09-23,3.541454290589762
2010-09-24,3.541454290589762
2010-09-27,3.4841492049815135
2010-09-29,
2010-09-30,3.4841492049815135
2010-10-04,
2010-10-05,3.4383051364949146
2010-10-07,3.4383051364949146
2010-10-08,3.369539033765016
2010-10-11,
2010-10-13,3.4841492049815135
2010-10-14,3.4383051364949146
2010-10-25,3.4383051364949146
2010-10-26,3.4383051364949146
2010-10-28,3.4383051364949146
2010-10-29,3.415383102251616
2010-11-01,3.392461068008316
2010-11-05,3.4612271707382134
2010-11-08,3.4383051364949146
2010-11-09,3.4383051364949146
2010-11-10,3.4383051364949146
2010-11-11,3.392461068008316
2010-11-12,3.4841492049815135
2010-11-16,3.667525478927909
2010-11-17,3.850901752874306
2010-11-18,4.355186506226892
2010-11-19,4.387277354167511
2010-11-22,4.274959386375344
2010-11-23,4.320803454861944
2010-11-24,4.355186506226892
2010-11-25,
2010-11-26,4.355186506226892
2010-11-30,4.355186506226892
2010-12-01,4.332264471983593
2010-12-03,4.332264471983593
2010-12-06,4.263498369253695
2010-12-07,4.286420403496993
2010-12-08,4.263498369253695
2010-12-10,4.217654300767095
2010-12-13,4.217654300767095
2010-12-14,4.171810232280497
2010-12-15,4.197024469948126
2010-12-16,4.584406848659887
2010-12-17,4.584406848659887
2010-12-20,4.584406848659887
2010-12-21,4.472088880867719
2010-12-22,4.469796677443388
2010-12-23,4.513348542505659
2010-12-27,4.472088880867719
2010-12-28,4.472088880867719
2011-01-05,4.472088880867719
2011-01-06,4.472088880867719
2011-01-11,4.928237362309378
2011-01-12,4.928237362309378
2011-01-13,4.699017019876383
2011-01-14,4.721939054119684
2011-01-17,4.744861088362981
2011-01-18,4.8136271910928805
2011-01-19,4.8136271910928805
2011-01-20,5.157457704742372
2011-01-21,5.157457704742372
2011-01-24,5.157457704742372
2011-01-26,5.272067875958871
2011-01-27,5.317911944445468
2011-01-28,5.042847533525874
2011-01-31,5.042847533525874
2011-02-01,5.157457704742372
2011-02-02,5.157457704742372
2011-02-03,5.20330177322897
2011-02-04,5.180379738985672
2011-02-08,5.272067875958871
2011-02-10,5.61589838960836
2011-02-11,5.501288218391863
2011-02-15,5.501288218391863
2011-02-16,5.386678047175367
2011-02-17,5.845118732041354
2011-02-18,5.845118732041354
2011-02-21,5.845118732041354
2011-02-22,
2011-02-23,
2011-02-24,6.186657042266516
2011-02-25,6.278345179239715
2011-02-28,6.280637382664044
2011-03-03,6.280637382664044
2011-03-09,6.085800091596
2011-03-11,6.186657042266516
2011-03-14,
2011-03-15,6.1889492456908455
2011-03-16,6.1889492456908455
2011-03-17,6.085800091596
2011-03-22,6.085800091596
2011-03-25,
2011-03-28,6.1889492456908455
2011-03-30,6.1889492456908455
2011-03-31,
2011-04-01,6.1889492456908455
2011-04-04,6.1889492456908455
2011-04-05,5.959728903257853
2011-04-07,6.1889492456908455
2011-04-11,6.0743390744743495
2011-04-14,6.0743390744743495
2011-04-15,6.0743390744743495
2011-04-18,6.0743390744743495
2011-04-19,6.0743390744743495
2011-04-20,6.166027211447545
2011-04-25,6.120183142960948
2011-04-26,6.0743390744743495
2011-04-29,5.959728903257853
2011-05-02,5.845118732041354
2011-05-04,5.959728903257853
2011-05-05,5.959728903257853
2011-05-09,5.959728903257853
2011-05-13,5.959728903257853
2011-05-16,5.952852292984864
2011-05-19,5.730508560824859
2011-05-23,6.0743390744743495
2011-05-24,5.952852292984864
2011-05-26,5.959728903257853
2011-05-30,6.0743390744743495
2011-06-01,5.730508560824859
2011-06-03,5.737385171097848
2011-06-06,5.959728903257853
2011-06-09,5.730508560824859
2011-06-15,5.735092967673516
2011-06-16,5.386678047175367
2011-06-20,5.501288218391863
2011-06-28,5.501288218391863
2011-06-29,5.501288218391863
2011-06-30,5.959728903257853
2011-07-13,5.272067875958871
2011-07-14,5.501288218391863
2011-07-19,5.501288218391863
2011-08-09,5.042847533525874
2011-08-23,5.042847533525874
2011-08-24,4.937406176006697
2011-08-25,4.790705156849581
2011-08-26,5.019925499282576
2011-08-29,4.8136271910928805
2011-08-31,4.8136271910928805
2011-09-01,4.928237362309378
2011-09-08,4.928237362309378
2011-09-09,4.8136271910928805
2011-09-12,4.8136271910928805
2011-09-14,4.584406848659887
2011-09-16,4.240576335010395
2011-09-21,3.8073498878120358
2011-09-22,4.242868538434726
2011-09-26,4.242868538434726
2011-10-03,4.125966163793898
2011-10-04,4.125966163793898
2011-10-20,
2011-10-21,4.125966163793898
2011-10-24,4.125966163793898
2011-10-25,4.125966163793898
2011-10-26,4.125966163793898
2011-10-27,4.125966163793898
2011-10-31,4.125966163793898
2011-11-11,4.584406848659887
2011-11-22,3.601051579622341
2011-11-23,3.5964671727736808
2011-11-30,3.5299932734681128
2011-12-05,3.5299932734681128
2011-12-09,3.4612271707382134
2011-12-12,3.392461068008316
2011-12-13,3.667525478927909
2011-12-14,3.4612271707382134
2011-12-23,3.4956102221031635
2011-12-26,3.4956102221031635
2011-12-28,3.518532256346463
2011-12-29,3.552915307711412
2012-01-02,3.4841492049815135
2012-01-05,3.9998949754557507
2012-01-11,3.8967458213609025
2012-01-13,3.9884339583341015
2012-01-27,3.9884339583341015
2012-02-01,4.034278026820701
2012-02-02,3.8967458213609025
2012-02-03,3.9884339583341015
2012-02-07,4.125966163793898
2012-02-09,4.240576335010395
2012-02-15,4.582114645235557
2012-02-17,4.928237362309378
2012-02-27,4.928237362309378
2012-02-28,5.501288218391863
2012-02-29,5.501288218391863
2012-03-01,5.723631950551867
2012-03-08,5.822196697798054
2012-03-15,5.29498991020217
2012-03-16,5.501288218391863
2012-03-23,5.478366184148564
2012-03-26,5.501288218391863
2012-03-27,5.501288218391863
2012-04-11,4.586699052084217
2012-04-17,4.584406848659887
2012-04-20,4.607328882903186
2012-04-23,4.584406848659887
2012-04-24,4.584406848659887
2012-05-02,5.042847533525874
2012-05-07,4.8136271910928805
2012-05-09,4.584406848659887
2012-05-14,4.584406848659887
2012-05-15,4.584406848659887
2012-05-16,4.586699052084217
2012-05-17,4.584406848659887
2012-05-18,4.584406848659887
2012-05-23,4.401030574713491
2012-05-29,4.355186506226892
2012-06-01,4.355186506226892
2012-06-06,4.355186506226892
2012-06-08,4.355186506226892
2012-06-15,4.1443037911885385
2012-06-18,4.125966163793898
2012-06-27,4.160349215158846
2012-06-28,4.125966163793898
2012-07-05,4.171810232280497
2012-07-11,4.171810232280497
2012-07-18,4.171810232280497
2012-08-09,4.355186506226892
2012-08-10,4.423952608956791
2012-08-20,4.153472604885857
2012-09-03,4.080122095307298
2012-09-06,4.114505146672247
2012-09-10,3.9448820932718323
2012-09-11,4.125966163793898
2012-09-12,4.148888198037198
2012-09-14,4.125966163793898
2012-10-15,3.8967458213609025
2012-10-16,3.8967458213609025
2012-10-22,3.899038024785232
2012-10-23,3.899038024785232
2012-10-24,3.899038024785232
2012-10-25,3.899038024785232
2012-10-29,3.8967458213609025
2012-11-06,3.782135650144406
2012-11-14,4.103044129550597
2012-11-19,4.103044129550597
2012-11-27,4.128258367218229
2012-11-28,4.125966163793898
2012-12-10,4.125966163793898
2012-12-13,4.125966163793898
2012-12-18,4.125966163793898
2012-12-19,4.125966163793898
2012-12-20,4.125966163793898
2012-12-21,4.128258367218229
2012-12-26,4.125966163793898
2012-12-27,4.125966163793898
2012-12-28,4.125966163793898
2013-01-03,4.125966163793898
2013-01-04,4.125966163793898
2013-01-08,4.125966163793898
2013-01-17,4.125966163793898
2013-02-18,4.130550570642557
2013-02-26,5.145996687620722
2013-02-27,5.157457704742372
2013-03-06,5.157457704742372
2013-03-12,5.272067875958871
2013-03-27,5.272067875958871
2013-04-01,5.272067875958871
2013-04-02,5.501288218391863
2013-04-03,5.386678047175367
2013-04-05,5.409600081418666
2013-04-24,5.412934449039274
2013-05-07,5.275317471521327
2013-05-13,5.7340407299144855
2013-05-14,6.192763988307643
2013-05-15,6.078083173709354
2013-05-23,6.078083173709354
2013-06-05,5.7340407299144855
2013-06-10,5.756976892834143
2013-06-25,5.756976892834143
2013-06-28,5.298253634440985
2013-07-01,5.275317471521327
2013-07-02,5.275317471521327
2013-07-03,5.275317471521327
2013-07-04,5.275317471521327
2013-07-08,4.816594213128167
2013-07-15,5.227151529390044
2013-07-22,5.018432446821158
2013-07-23,5.018432446821158
2013-07-24,5.279904704105258
2013-07-25,5.282198320397224
2013-07-26,5.282198320397224
2013-07-29,5.282198320397224
2013-07-30,5.289079169273121
2013-07-31,5.300547250732948
2013-08-01,5.312015332192778
2013-08-02,5.323483413652608
2013-08-20,5.5046791007179054
2013-09-04,5.7340407299144855
2013-09-10,5.7340407299144855
2013-09-16,5.963402359111065
2013-09-18,5.7340407299144855
2013-09-19,5.7340407299144855
2013-09-20,5.7340407299144855
2013-09-26,5.275317471521327
2013-09-27,5.663331674240067
2013-10-02,6.60722028661341
2013-10-10,6.01728990388007
2013-10-17,6.512831425376077
2013-10-18,6.725206363160081
2013-10-21,6.728848006071129
2013-10-28,6.981631204868077
2013-10-31,7.222377108484217
2013-11-01,7.222377108484217
2013-11-05,7.222377108484217
2013-11-07,7.583495963908428
2013-11-08,7.342750060292286
2013-11-11,7.222377108484217
2013-11-14,7.222377108484217
2013-11-18,7.463123012100358
2013-11-19,7.463123012100358
2013-11-21,7.463123012100358
2013-11-22,7.463123012100358
2013-11-28,8.657222694036415
2013-11-29,8.637963021747124
2013-12-06,8.66685253018106
2013-12-09,9.148344337413342
2013-12-10,9.620206308500977
2013-12-11,9.620206308500977
2013-12-12,9.629836144645623
2013-12-13,9.157974173557987
2013-12-16,8.66685253018106
2013-12-17,8.66685253018106
2013-12-19,8.09869219764697
2013-12-23,7.232006944628862
2014-01-08,7.000890877157367
2014-01-16,8.185360722948777
2014-01-24,6.02827742654816
2014-01-27,6.615697431371542
2014-01-28,6.615697431371542
2014-01-29,6.615697431371542
2014-01-30,7.222377108484217
2014-01-31,6.471249889201858
2014-02-03,6.4519902169125665
2014-02-10,5.989758081969578
2014-02-13,6.114945951849969
2014-02-18,6.355691855466111
2014-02-20,6.163095132573199
2014-02-21,6.163095132573199
2014-02-24,5.777901686787374
2014-02-26,5.903089556667766
2014-03-07,5.777901686787374
2014-03-12,5.777901686787374
2014-03-13,4.603061677140608
2014-03-14,7.222377108484217
2014-03-17,6.789034481975164
2014-03-18,6.211244313296427
2014-03-19,6.2690233301643
2014-03-21,6.259393494019655
2014-03-24,6.442360380767923
2014-03-25,6.2690233301643
2014-03-26,6.201614477151781
2014-03-28,6.384581363900048
2014-04-02,6.4808797253465045
2014-04-04,6.837183662698393
2014-04-07,6.933482024144848
2014-04-09,6.981631204868077
2014-04-11,6.59643775908225
2014-04-15,6.259393494019655
2014-04-23,6.943111860289494
2014-04-25,6.7312554651072904
2014-04-29,7.318675469930673
2014-05-07,7.318675469930673
2014-05-12,7.607570554270042
2014-05-13,7.241636780773508
2014-05-14,7.89646563860941
2014-05-15,7.703868915716497
2014-05-16,7.511272192823585
2014-05-19,7.232006944628862
2014-05-20,7.41497383137713
2014-05-23,6.837183662698393
2014-05-27,7.703868915716497
2014-06-02,8.108322033791616
2014-06-03,7.232006944628862
2014-06-04,7.607570554270042
2014-06-05,7.607570554270042
2014-06-11,7.703868915716497
2014-06-13,7.703868915716497
2014-06-24,8.137211542225552
2014-06-30,6.943111860289494
2014-07-01,7.318675469930673
2014-07-04,7.318675469930673
2014-07-07,7.318675469930673
2014-07-10,7.299415797641382
2014-07-11,7.222377108484217
2014-07-18,7.684609243427207
2014-07-21,7.270526289207444
2014-07-22,5.980128245824932
2014-07-23,7.318675469930673
2014-07-24,7.318675469930673
2014-07-28,6.933482024144848
2014-07-29,6.846813498843038
2014-08-07,6.837183662698393
2014-08-14,6.933482024144848
2014-08-21,6.471249889201858
2014-08-25,6.471249889201858
2014-08-26,7.222377108484217
2014-09-04,7.790537441018309
2014-09-09,7.790537441018309
2014-09-10,6.846813498843038
2014-09-23,8.185360722948777
2014-09-24,7.703868915716497
2014-09-25,7.703868915716497
2014-09-26,6.740885301251935
2014-10-07,7.222377108484217
2014-11-05,7.222377108484217
2014-11-21,7.222377108484217
2014-12-09,6.740885301251935
2014-12-10,6.259393494019655
2014-12-11,5.922349228957057
2014-12-12,5.777901686787374
2014-12-15,4.940105942203204
2014-12-16,5.392708241001549
2014-12-26,6.548288578359022
2015-01-07,7.087559402459178
2015-01-13,7.1068190747484685
2015-01-14,7.607570554270042
2015-02-11,7.41497383137713
2015-02-18,7.41497383137713
2015-04-06,5.777901686787374
2015-04-15,5.180851845819345
2015-04-16,5.296409879555092
2015-04-30,5.467933485047548
2015-05-05,5.36851651259214
2015-05-08,5.965018347324599
2015-05-15,5.467933485047548
2015-05-18,5.965018347324599
2015-05-21,5.756242705168237
2015-05-22,5.766184402413779
2015-05-25,5.965018347324599
2015-05-26,6.362686237146239
2015-05-27,6.362686237146239
2015-06-10,6.412394723373944
2015-06-17,6.959188071878698
2015-06-24,5.766184402413779
2015-06-29,6.839887704932206
2015-07-03,7.655106879066569
2015-07-27,7.655106879066569
2015-08-04,7.645165181821028
2015-08-11,7.655106879066569
2015-08-12,7.605398392838864
2015-08-18,7.655106879066569
2015-08-20,7.66504857631211
2015-08-24,7.555689906611158
2015-08-25,7.555689906611158
2015-08-27,7.655106879066569
2015-08-28,7.655106879066569
2015-08-31,7.655106879066569
2015-09-08,4.9111984392972525
2015-09-09,4.752131283368597
2015-09-10,4.433996971511285
2015-09-11,3.479594035939349
2015-09-14,3.479594035939349
2015-09-15,3.052101054381086
2015-09-16,3.4696523386938085
2015-09-17,3.3105851827651525
2015-09-18,3.280760091028529
2015-09-21,3.280760091028529
2015-09-22,2.704141650787152
2015-09-23,2.7836752287514797
2015-09-25,2.7836752287514797
2015-09-29,2.704141650787152
2015-09-30,2.704141650787152
2015-10-01,2.8035586232425613
2015-10-02,2.4456575224030854
2015-10-05,2.79361692599702
2015-10-06,2.9328006874345944
2015-10-07,3.459710641448267
2015-10-09,2.9924508709078403
2015-10-13,3.3801770634839388
2015-10-15,3.1813431185731194
2015-10-16,3.032217659890004
2015-10-22,3.3105851827651525
2015-10-28,2.8035586232425613
2015-10-29,2.475482614139709
2015-10-30,2.8830922012068894
2015-11-03,3.1813431185731194
2015-11-04,3.1316346323454143
2015-11-05,2.743908439769315
2015-11-06,2.9825091736622995
2015-11-09,2.733966742523774
2015-11-10,2.733966742523774
2015-11-16,2.336298852702134
2015-11-17,2.5848412838406594
2015-11-18,2.8830922012068894
2015-11-19,2.9725674764167582
2015-11-23,2.9725674764167582
2015-11-25,2.9626257791712174
2015-11-30,2.8830922012068894
2015-12-01,2.5550161921040364
2015-12-02,2.2169984857556426
2015-12-03,2.2169984857556426
2015-12-04,2.2169984857556426
2015-12-07,2.4854243113852497
2015-12-08,2.4854243113852497
2015-12-09,2.2468235774922656
2015-12-10,2.1374649077913146
2015-12-11,1.9386309628804943
2015-12-14,1.8690390821617076
2015-12-15,2.028106238090363
2015-12-16,1.9883394491081994
2015-12-18,1.8690390821617076
2015-12-21,1.8690390821617076
2015-12-22,1.3123040364114118
2015-12-23,1.5111379813222316
2015-12-28,1.7895055041973795
2015-12-29,1.4912545868311498
2015-12-30,1.4415461006034447
2016-01-04,1.1930036694649198
2016-01-05,1.2427121556926248
2016-01-06,1.2427121556926248
2016-01-07,1.1731202749738376
2016-01-08,1.1731202749738376
2016-01-11,1.0935866970095098
2016-01-12,1.0737033025184277
2016-01-13,1.043878210781805
2016-01-14,1.1830619722193787
2016-01-15,1.1731202749738376
2016-01-18,1.1134700915005917
2016-01-19,1.1830619722193787
2016-01-20,1.1930036694649198
2016-01-21,1.1234117887461328
2016-01-26,1.1134700915005917
2016-01-27,1.1134700915005917
2016-01-28,1.2327704584470838
2016-01-29,1.2228287612015427
2016-02-01,1.3321874309024937
2016-02-02,1.302362339165871
2016-02-03,1.4316044033579038
2016-02-04,1.4912545868311498
2016-02-05,1.5807298620410188
2016-02-10,1.5608464675499367
2016-02-11,1.5409630730588548
2016-02-15,1.5906715592865597
2016-02-16,1.7298553207241334
2016-02-17,1.8690390821617076
2016-02-18,1.9585143573715766
2016-02-19,1.9883394491081994
2016-02-22,1.9386309628804943
2016-02-23,1.8889224766527895
2016-02-24,1.8392139904250846
2016-02-25,2.0380479353359044
2016-02-26,2.1374649077913146
2016-02-29,2.2368818802467247
2016-03-01,2.2368818802467247
2016-03-02,2.1971150912645605
2016-03-03,1.9783977518626585
2016-03-04,2.256765274737806
2016-03-07,2.4158324306664625
2016-03-08,2.2965320637199707
2016-03-09,2.2368818802467247
2016-03-10,2.395949036175381
2016-03-14,2.356182247193216
2016-03-15,2.356182247193216
2016-03-17,2.2865903664744294
2016-03-18,2.4058907334209216
2016-03-21,2.4158324306664625
2016-03-22,2.3760656416842987
2016-03-23,2.3760656416842987
2016-03-30,2.4058907334209216
2016-04-01,2.3760656416842987
2016-04-04,2.3760656416842987
2016-04-11,2.3661239444387574
2016-04-12,2.3661239444387574
2016-04-13,2.733966742523774
2016-04-14,2.395949036175381
2016-04-15,2.395949036175381
2016-04-19,2.4555992196486263
2016-04-26,2.574899586595118
2016-04-27,2.5953098289814833
2016-04-28,2.5853661131616312
2016-04-29,2.9532835984961707
2016-05-02,2.78424042955868
2016-05-03,2.78424042955868
2016-05-06,2.694746987180008
2016-05-09,2.6848032713601557
2016-05-10,2.863790156117499
2016-05-11,2.8041278611983844
2016-05-12,3.082551904154253
2016-05-13,3.0626644725145478
2016-05-16,3.4106945262093826
2016-05-17,3.082551904154253
2016-05-18,2.9831147459557283
2016-05-19,2.78424042955868
2016-05-20,2.78424042955868
2016-05-25,2.78424042955868
2016-05-27,2.6848032713601557
2016-05-30,2.6848032713601557
2016-05-31,2.5853661131616312
2016-06-01,2.485928954963107
2016-06-02,2.5853661131616312
2016-06-07,2.5853661131616312
2016-06-09,2.5953098289814833
2016-06-13,2.505816386602812
2016-06-15,2.495872670782959
2016-06-16,2.485928954963107
2016-06-17,2.5853661131616312
2016-06-20,3.181989062352777
2016-06-21,3.181989062352777
2016-06-22,3.1024393357939575
2016-06-23,3.4305819578490877
2016-06-24,2.9930584617755804
2016-06-27,2.8737338719373513
2016-06-28,2.903565019396909
2016-06-29,2.6052535448013363
2016-06-30,3.082551904154253
2016-07-01,3.092495619974105
2016-07-05,3.1322704832535146
2016-07-06,2.8936213035770564
2016-07-07,2.9930584617755804
2016-07-08,2.9831147459557283
2016-07-11,3.380863378749825
2016-07-12,2.9831147459557283
2016-07-13,3.2913699363711535
2016-07-14,3.370919662929973
2016-07-15,3.301313652191006
2016-07-18,3.520075400227759
2016-07-19,3.520075400227759
2016-07-20,3.480300536948349
2016-07-21,3.480300536948349
2016-07-22,3.480300536948349
2016-07-25,3.480300536948349
2016-07-26,3.480300536948349
2016-07-27,2.9930584617755804
2016-07-28,2.8538464402976467
2016-07-29,2.883677587757204
2016-08-01,2.933396166856466
2016-08-02,2.933396166856466
2016-08-03,2.9532835984961707
2016-08-04,2.814071577018237
2016-08-05,2.78424042955868
2016-08-09,2.9433398826763186
2016-08-10,2.8936213035770564
2016-08-11,3.052720756694695
2016-08-12,3.1621016307130723
2016-08-15,3.1322704832535146
2016-08-16,2.9831147459557283
2016-08-17,3.03283332505499
2016-08-18,2.9135087352167615
2016-08-19,2.9831147459557283
2016-08-22,2.933396166856466
2016-08-23,2.9632273143160233
2016-08-24,2.9532835984961707
2016-08-25,2.9532835984961707
2016-08-26,2.9532835984961707
2016-08-29,2.9532835984961707
2016-08-30,2.933396166856466
2016-08-31,2.8737338719373513
2016-09-01,2.8737338719373513
2016-09-02,3.03283332505499
2016-09-05,2.9831147459557283
2016-09-06,2.9831147459557283
2016-09-09,2.933396166856466
2016-09-12,2.903565019396909
2016-09-14,3.0051268022446203
2016-09-15,2.7364565252227497
2016-09-16,2.76630877822518
2016-09-19,2.97527454924219
2016-09-21,3.0847328102511002
2016-09-22,2.93547154523895
2016-09-23,2.7862102802268
2016-09-26,2.7862102802268
2016-09-27,2.79616103122761
2016-09-29,3.07478205925029
2016-09-30,3.07478205925029
2016-10-03,3.09468356125191
2016-10-04,3.10463431225272
2016-10-05,3.07478205925029
2016-10-06,3.17428956925839
2016-10-07,3.3832553402754
2016-10-10,3.40315684227702
2016-10-11,3.3832553402754
2016-10-13,3.1643388182575802
2016-10-14,3.66187636829808
2016-10-17,3.8807928903158997
2016-10-18,3.5822703602916
2016-10-19,3.2439448262640598
2016-10-20,3.2339940752632503
2016-10-21,3.30364933226892
2016-10-24,3.1842403202592
2016-10-25,3.27379707926649
2016-10-26,3.14443731625596
2016-10-27,3.41310759327783
2016-10-28,3.6220733642948404
2016-10-31,3.73153162530375
2016-11-01,3.4827628502834997
2016-11-03,3.5424673562883604
2016-11-04,3.66187636829808
2016-11-07,3.92059589431914
2016-11-08,4.11961091433534
2016-11-09,4.09970941233372
2016-11-10,4.069857159331289
2016-11-11,3.40315684227702
2016-11-14,3.7514331273053703
2016-11-16,3.7514331273053703
2016-11-17,3.5723196092907896
2016-11-18,3.65192561729727
2016-11-21,3.4827628502834997
2016-11-22,3.55241810728917
2016-11-23,3.73153162530375
2016-11-24,3.7613838783061797
2016-11-25,3.3932060912762103
2016-11-28,3.50266435228512
2016-11-29,3.50266435228512
2016-11-30,3.61212261329403
2016-12-01,3.33350158527135
2016-12-02,3.33350158527135
2016-12-05,3.50266435228512
2016-12-06,3.4827628502834997
2016-12-07,3.4827628502834997
2016-12-08,3.37330458927459
2016-12-09,3.4330090952794503
2016-12-12,3.2041418222608202
2016-12-13,3.3932060912762103
2016-12-14,3.5822703602916
2016-12-15,3.4728120992826903
2016-12-16,3.4827628502834997
2016-12-19,3.53251660528755
2016-12-20,3.4728120992826903
2016-12-21,3.4827628502834997
2016-12-22,3.55241810728917
2016-12-23,3.51261510328593
2016-12-26,3.4927136012843096
2016-12-27,3.4927136012843096
2016-12-28,3.5822703602916
2016-12-29,3.5822703602916
2017-01-02,3.7812853803078
2017-01-03,3.7016793723013204
2017-01-04,3.77133462930699
2017-01-05,3.7812853803078
2017-01-06,3.74148237630456
2017-01-09,3.73153162530375
2017-01-10,3.59222111129241
2017-01-11,3.4827628502834997
2017-01-12,3.4330090952794503
2017-01-13,3.2638463282656796
2017-01-16,3.3136000832697303
2017-01-17,3.3136000832697303
2017-01-18,3.21409257326163
2017-01-19,3.19419107126001
2017-01-20,3.14443731625596
2017-01-23,3.1245358142543402
2017-01-24,3.1842403202592
2017-01-26,3.15438806725677
2017-01-27,3.2041418222608202
2017-01-30,3.1842403202592
2017-01-31,3.2339940752632503
2017-02-01,3.27379707926649
2017-02-02,3.4330090952794503
2017-02-03,3.2638463282656796
2017-02-06,3.4330090952794503
2017-02-07,3.42305834427864
2017-02-08,3.41310759327783
2017-02-09,3.5822703602916
2017-02-10,3.69172862130051
2017-02-13,3.73153162530375
2017-02-14,3.6817778702997
2017-02-15,3.60217186229322
2017-02-16,3.6320241152956503
2017-02-17,3.64197486629646
2017-02-20,3.82108838431104
2017-02-21,4.00020190232562
2017-02-22,3.9504481473215702
2017-02-23,3.9404973963207603
2017-02-24,4.02010340432724
2017-03-01,4.12956166533615
2017-03-02,3.89074364131671
2017-03-03,3.87084213931509
2017-03-06,3.87084213931509
2017-03-07,3.86089138831428
2017-03-08,3.84098988631266
2017-03-09,3.7812853803078
2017-03-10,3.92059589431914
2017-03-13,4.179315420340201
2017-03-14,4.3683796893555895
2017-03-15,4.12956166533615
2017-03-16,4.12956166533615
2017-03-17,4.00020190232562
2017-03-20,4.10966016333453
2017-03-21,3.96039889832238
2017-03-22,3.8807928903158997
2017-03-23,4.02010340432724
2017-03-24,3.7613838783061797
2017-03-27,3.5822703602916
2017-03-28,3.5822703602916
2017-03-29,3.7016793723013204
2017-03-30,3.66187636829808
2017-03-31,3.6220733642948404
2017-04-03,3.79123613130861
2017-04-04,3.77133462930699
2017-04-05,3.6320241152956503
2017-04-06,3.7812853803078
2017-04-07,3.73153162530375
2017-04-10,3.97034964932319
2017-04-11,3.980300400324
2017-04-12,4.229069175344249
2017-04-13,4.229069175344249
2017-04-17,4.179315420340201
2017-04-18,4.3683796893555895
2017-04-19,4.32857668535235
2017-04-20,4.2788229303483
2017-04-24,4.179315420340201
2017-04-25,4.179315420340201
2017-04-26,4.179315420340201
2017-04-27,4.31862593435154
2017-04-28,4.4778379503645
2017-05-02,4.94552324740257
2017-05-03,4.965424749404191
2017-05-04,4.71665597438394
2017-05-05,4.6768529703807
2017-05-08,5.06493225941229
2017-05-09,4.955473998403381
2017-05-10,4.975375500405001
2017-05-11,4.92562174540095
2017-05-12,4.72660672538475
2017-05-15,4.5773454603726
2017-05-16,4.51764095436774
2017-05-17,4.38828119135721
2017-05-18,3.980300400324
2017-05-19,4.09970941233372
2017-05-22,3.980300400324
2017-05-23,3.8310391353118503
2017-05-24,3.84098988631266
2017-05-25,3.8011868823094197
2017-05-26,3.82108838431104
2017-05-29,3.8509406373134705
2017-05-30,3.65192561729727
2017-05-31,3.67182711929889
2017-06-01,3.69172862130051
2017-06-02,3.8011868823094197
2017-06-05,3.99025115132481
2017-06-06,4.04995565732967
2017-06-07,4.03005415532805
2017-06-08,3.8509406373134705
2017-06-09,3.79123613130861
2017-06-12,4.02010340432724
2017-06-13,4.010152653326431
2017-06-14,4.079807910332099
2017-06-16,4.079807910332099
2017-06-19,4.12956166533615
2017-06-20,3.8509406373134705
2017-06-21,3.7812853803078
2017-06-22,3.9305466453199505
2017-06-23,3.9504481473215702
2017-06-26,3.90069439231752
2017-06-27,3.8807928903158997
2017-06-29,3.8011868823094197
2017-06-30,4.00020190232562
2017-07-03,4.10966016333453
2017-07-04,4.179315420340201
2017-07-05,4.42808419536045
2017-07-06,4.507690203366931
2017-07-07,4.6768529703807
2017-07-10,4.806212733391231
2017-07-11,4.5972469623742205
2017-07-12,4.4778379503645
2017-07-13,4.48778870136531
2017-07-14,4.42808419536045
2017-07-17,4.4778379503645
2017-07-18,4.4778379503645
2017-07-19,4.64700071737827
2017-07-20,5.01517850440824
2017-07-21,5.1544890184195795
2017-07-24,5.0748830104130995
2017-07-25,5.433110046442261
2017-07-26,5.7714355804698
2017-07-27,5.95054909848438
2017-07-28,6.0699581104941
2017-07-31,5.831140086474661
2017-08-01,5.6719280704617
2017-08-02,5.5724205604536
2017-08-03,5.6719280704617
2017-08-04,5.6719280704617
2017-08-07,6.0998103634965295
2017-08-08,6.1694656205022005
2017-08-09,6.05005660849248
2017-08-10,6.000302853488431
2017-08-11,6.0699581104941
2017-08-14,6.02020435549005
2017-08-15,6.11971186549815
2017-08-16,6.37843139151921
2017-08-17,6.109761114497339
2017-08-18,5.98040135148681
2017-08-21,5.86099233947709
2017-08-22,5.970450600486
2017-08-23,5.82118933547385
2017-08-24,6.11971186549815
2017-08-25,6.278923881511109
2017-08-28,6.507791154529739
2017-08-29,6.6670031705427
2017-08-30,6.657052419541891
2017-08-31,6.6670031705427
2017-09-01,7.144639218581579
2017-09-04,7.1645407205832
2017-09-05,7.02523020657186
2017-09-06,7.37350649160021
2017-09-08,7.144639218581579
2017-09-11,6.9655257005669995
2017-09-12,6.945624198565381
2017-09-13,7.1943929735856305
2017-09-14,7.4332109976050695
2017-09-15,7.54266925861398
2017-09-18,7.32375273659616
2017-09-19,7.47301400160831
2017-09-20,7.48296475260912
2017-09-21,7.5625707606156
2017-09-22,7.34365423859778
2017-09-25,7.134688467580769
2017-09-26,7.01527945557105
2017-09-27,6.85606743955809
2017-09-28,7.244146728589681
2017-09-29,7.80138878463504
2017-10-02,7.95065004964719
2017-10-03,8.149665069663389
2017-10-04,8.30887708567635
2017-10-05,8.010354555652052
2017-10-06,8.139714318662579
2017-10-09,7.98050230264962
2017-10-10,8.16956657166501
2017-10-11,7.9904530536504295
2017-10-13,7.522767756612359
2017-10-16,7.264048230591301
2017-10-17,7.1147869655791505
2017-10-18,7.63222601762127
2017-10-19,7.78148728263342
2017-10-20,7.61232451561965
2017-10-23,7.48296475260912
2017-10-24,7.6620782706237005
2017-10-25,7.960600800648
2017-10-26,7.74168427863018
2017-10-27,7.3635557405994
2017-10-30,7.3536049895985895
2017-10-31,7.5625707606156
2017-11-01,7.313801985595349
2017-11-03,7.3635557405994
2017-11-06,7.313801985595349
2017-11-07,7.20434372458644
2017-11-08,7.264048230591301
2017-11-09,6.99537795356943
2017-11-10,6.4878896525281196
2017-11-13,6.85606743955809
2017-11-14,7.21429447558725
2017-11-16,7.4630632506075
2017-11-17,7.83124103763747
2017-11-21,7.4630632506075
2017-11-22,7.572521511616411
2017-11-23,7.44316174860588
2017-11-24,7.6620782706237005
2017-11-27,7.731733527629369
2017-11-28,7.5625707606156
2017-11-29,7.5128170056115495
2017-11-30,7.32375273659616
2017-12-01,7.413309495603451
2017-12-04,7.1147869655791505
2017-12-05,7.413309495603451
2017-12-06,7.522767756612359
2017-12-07,7.4232602466042605
2017-12-08,7.74168427863018
2017-12-11,7.74168427863018
2017-12-12,7.4332109976050695
2017-12-13,7.38345724260102
2017-12-14,7.4332109976050695
2017-12-15,7.79143803363423
2017-12-18,7.738553250000001
2017-12-19,7.518878190000001
2017-12-20,7.558819110000001
2017-12-21,7.688627100000001
2017-12-22,7.728568020000001
2017-12-26,7.79846463
2017-12-27,7.83840555
2017-12-28,7.91828739
2018-01-02,7.6986123300000004
2018-01-03,7.738553250000001
2018-01-04,7.79846463
2018-01-05,7.54883388
2018-01-08,7.678641870000001
2018-01-09,7.718582790000001
2018-01-10,7.518878190000001
2018-01-11,7.738553250000001
2018-01-12,7.738553250000001
2018-01-15,7.77849417
2018-01-16,7.61873049
2018-01-17,7.5887748
2018-01-18,7.438996350000001
2018-01-19,7.738553250000001
2018-01-22,7.50889296
2018-01-23,7.6986123300000004
2018-01-24,8.387593200000001
2018-01-26,8.637223950000001
2018-01-29,8.0880363
2018-01-30,8.02812492
2018-01-31,8.0880363
2018-02-01,8.23781475
2018-02-02,7.9781987700000006
2018-02-05,7.848390780000001
2018-02-06,7.83840555
2018-02-07,7.79846463
2018-02-08,7.688627100000001
2018-02-09,7.3491292800000005
2018-02-14,7.9781987700000006
2018-02-15,7.908302160000001
2018-02-16,7.7884794
2018-02-19,7.728568020000001
2018-02-20,7.598760030000001
2018-02-21,7.66865664
2018-02-22,8.0880363
2018-02-23,7.968213540000001
2018-02-26,7.9781987700000006
2018-02-27,7.79846463
2018-02-28,7.8683612400000005
2018-03-01,7.95822831
2018-03-02,7.93825785
2018-03-05,7.93825785
2018-03-06,7.688627100000001
2018-03-07,7.5887748
2018-03-08,7.4889225
2018-03-09,7.64868618
2018-03-12,7.6986123300000004
2018-03-13,7.7585237099999995
2018-03-14,7.50889296
2018-03-15,7.87834647
2018-03-16,7.95822831
2018-03-19,7.898316930000001
2018-03-20,7.64868618
2018-03-21,7.76850894
2018-03-22,7.83840555
2018-03-23,7.82842032
2018-03-26,7.9781987700000006
2018-03-27,8.14794768
2018-03-28,8.25778521
2018-03-29,8.137962450000002
2018-04-02,8.287740900000001
2018-04-03,8.407563660000001
2018-04-04,8.17790337
2018-04-05,8.127977220000002
2018-04-06,8.127977220000002
2018-04-09,7.8683612400000005
2018-04-10,7.738553250000001
2018-04-11,7.87834647
2018-04-12,7.988184
2018-04-13,7.92827262
2018-04-16,7.8683612400000005
2018-04-17,7.848390780000001
2018-04-18,7.9781987700000006
2018-04-19,8.10800676
2018-04-20,8.5872978
2018-04-23,8.297726130000001
2018-04-24,8.627238720000001
2018-04-25,8.4874455
2018-04-26,8.068065840000001
2018-04-27,8.3
2018-04-30,8.11
2018-05-02,8.1
2018-05-03,7.61
2018-05-04,7.56
2018-05-07,7.6
2018-05-08,7.65
2018-05-09,7.9
2018-05-10,7.63
2018-05-11,7.5
2018-05-14,7.15
2018-05-15,7.2
2018-05-16,7.3
2018-05-17,7.19
2018-05-18,7.2
2018-05-21,7.0
2018-05-22,7.16
2018-05-23,6.84
2018-05-24,6.62
2018-05-25,6.75
2018-05-28,6.0
2018-05-29,6.27
2018-05-30,6.5
2018-06-01,6.75
2018-06-04,6.95
2018-06-05,6.89
2018-06-06,6.49
2018-06-07,6.0
2018-06-08,5.67
2018-06-11,5.87
2018-06-12,6.25
2018-06-13,6.2
2018-06-14,6.2
2018-06-15,5.81
2018-06-18,5.92
2018-06-19,6.09
2018-06-20,6.24
2018-06-21,5.92
2018-06-22,6.12
2018-06-25,5.9
2018-06-26,6.03
2018-06-27,5.84
2018-06-28,5.86
2018-06-29,5.89
2018-07-02,5.84
2018-07-03,5.74
2018-07-04,5.72
2018-07-05,5.58
2018-07-06,5.48
2018-07-10,5.35
2018-07-11,5.65
2018-07-12,5.59
2018-07-13,5.8
2018-07-16,5.64
2018-07-17,5.82
2018-07-18,5.89
2018-07-19,5.86
2018-07-20,5.8
2018-07-23,5.9
2018-07-24,6.75
2018-07-25,6.94
2018-07-26,6.6
2018-07-27,6.6
2018-07-30,7.08
2018-07-31,7.15
2018-08-01,7.39
2018-08-02,7.4
2018-08-03,7.79
2018-08-06,8.12
2018-08-07,8.0
2018-08-08,7.4
2018-08-09,7.07
2018-08-10,6.68
2018-08-13,6.61
2018-08-14,7.08
2018-08-15,6.7
2018-08-16,6.56
2018-08-17,6.35
2018-08-20,6.53
2018-08-21,6.2
2018-08-22,6.15
2018-08-23,6.05
2018-08-24,6.14
2018-08-27,6.1
2018-08-28,6.0
2018-08-29,6.05
2018-08-30,6.0
2018-08-31,5.7
2018-09-03,5.51
2018-09-04,5.08
2018-09-05,4.95
2018-09-06,4.77
2018-09-10,4.7
2018-09-11,4.52
2018-09-12,4.52
2018-09-13,5.1
2018-09-14,4.96
2018-09-17,5.39
2018-09-18,5.89
2018-09-19,5.35
2018-09-20,5.4
2018-09-21,5.5
2018-09-24,5.5
2018-09-25,5.54
2018-09-26,5.5
2018-09-27,5.57
2018-09-28,5.06
2018-10-01,4.28
2018-10-02,4.44
2018-10-03,4.78
2018-10-04,4.73
2018-10-05,4.67
2018-10-08,4.96
2018-10-09,5.08
2018-10-10,4.81
2018-10-11,4.75
2018-10-15,4.74
2018-10-16,4.79
2018-10-17,4.71
2018-10-18,4.5
2018-10-19,4.54
2018-10-22,4.84
2018-10-23,5.35
2018-10-24,5.0
2018-10-25,5.3
2018-10-26,5.38
2018-10-29,5.35
2018-10-30,5.63
2018-10-31,5.6
2018-11-01,5.55
2018-11-05,5.62
2018-11-06,5.48
2018-11-07,5.24
2018-11-08,5.14
2018-11-09,5.31
2018-11-12,5.38
2018-11-13,5.4
2018-11-14,5.33
2018-11-16,5.27
2018-11-19,5.16
2018-11-21,5.08
2018-11-22,4.92
2018-11-23,4.95
2018-11-26,4.95
2018-11-27,4.95
2018-11-28,4.95
2018-11-29,5.04
2018-11-30,5.18
2018-12-03,5.12
2018-12-04,5.15
2018-12-05,5.2
2018-12-06,5.18
2018-12-07,5.04
2018-12-10,4.87
2018-12-11,4.95
2018-12-12,4.78
2018-12-13,4.7
2018-12-14,4.35
2018-12-17,4.36
2018-12-18,4.58
2018-12-19,4.66
2018-12-20,4.58
2018-12-21,4.56
2018-12-26,4.3
2018-12-27,4.32
2018-12-28,4.39
2019-01-02,4.38
2019-01-03,4.31
2019-01-04,4.27
2019-01-07,4.24
2019-01-08,4.04
2019-01-09,4.01
2019-01-10,4.42
2019-01-11,4.51
2019-01-14,4.82
2019-01-15,4.98
2019-01-16,5.05
2019-01-17,4.93
2019-01-18,4.88
2019-01-21,4.8
2019-01-22,4.93
2019-01-23,5.16
2019-01-24,5.49
2019-01-28,5.35
2019-01-29,5.67
2019-01-30,5.77
2019-01-31,6.0
2019-02-01,5.96
2019-02-04,5.99
2019-02-05,5.64
2019-02-06,5.29
2019-02-07,5.45
2019-02-08,5.56
2019-02-11,5.52
2019-02-12,5.56
2019-02-13,5.45
2019-02-14,5.45
2019-02-15,5.28
2019-02-18,5.47
2019-02-19,5.28
2019-02-20,5.21
2019-02-21,4.67
2019-02-22,4.72
2019-02-25,4.97
2019-02-26,4.77
2019-02-27,4.64
2019-02-28,4.58
2019-03-01,4.54
2019-03-06,4.39
2019-03-07,4.41
2019-03-08,4.68
2019-03-11,4.76
2019-03-12,4.84
2019-03-13,4.62
2019-03-14,4.64
2019-03-15,4.54
2019-03-18,4.59
2019-03-19,4.64
2019-03-20,4.58
2019-03-21,4.55
2019-03-22,4.33
2019-03-25,4.33
2019-03-26,4.36
2019-03-27,4.11
2019-03-28,4.18
2019-03-29,4.22
2019-04-01,4.27
2019-04-02,4.55
2019-04-03,4.38
2019-04-04,4.38
2019-04-05,4.53
2019-04-08,4.37
2019-04-09,4.34
2019-04-10,4.31
2019-04-11,4.29
2019-04-12,4.16
2019-04-15,4.15
2019-04-16,4.01
2019-04-17,3.92
2019-04-18,3.95
2019-04-22,3.84
2019-04-23,3.93
2019-04-24,3.93
2019-04-25,4.02
2019-04-26,4.03
2019-04-29,4.12
2019-04-30,4.1
2019-05-02,4.14
2019-05-03,4.52
2019-05-06,4.56
2019-05-07,4.72
2019-05-08,4.53
2019-05-09,4.74
2019-05-10,4.61
2019-05-13,4.73
2019-05-14,4.55
2019-05-15,4.3
2019-05-16,4.09
2019-05-17,4.03
2019-05-20,4.11
2019-05-21,4.31
2019-05-22,4.32
2019-05-23,4.2
2019-05-24,4.2
2019-05-27,4.26
2019-05-28,4.41
2019-05-29,4.58
2019-05-30,4.8
2019-05-31,4.7
2019-06-03,4.96
2019-06-04,4.86
2019-06-05,4.65
2019-06-06,4.95
2019-06-07,5.0
2019-06-10,5.06
2019-06-11,5.0
2019-06-12,4.84
2019-06-13,5.04
2019-06-14,4.97
2019-06-17,5.07
2019-06-18,5.07
2019-06-19,5.06
2019-06-21,5.1
2019-06-24,5.11
2019-06-25,5.04
2019-06-26,4.98
2019-06-27,4.97
2019-06-28,5.07
2019-07-01,5.12
2019-07-02,5.45
2019-07-03,5.93
2019-07-04,6.24
2019-07-05,6.35
2019-07-08,6.75
2019-07-10,6.73
2019-07-11,6.5
2019-07-12,6.52
2019-07-15,7.03
2019-07-16,7.13
2019-07-17,7.31
2019-07-18,7.38
2019-07-19,7.15
2019-07-22,7.05
2019-07-23,6.92
2019-07-24,7.32
2019-07-25,7.1
2019-07-26,7.34
2019-07-29,7.68
2019-07-30,7.62
2019-07-31,7.72
2019-08-01,8.2
2019-08-02,8.19
2019-08-05,7.92
2019-08-06,8.18
2019-08-07,8.44
2019-08-08,8.53
2019-08-09,8.53
2019-08-12,8.28
2019-08-13,8.46
2019-08-14,8.11
2019-08-15,7.69
2019-08-16,7.12
2019-08-19,6.73
2019-08-20,7.06
2019-08-21,7.18
2019-08-22,6.9
2019-08-23,6.79
2019-08-26,6.48
2019-08-27,6.85
2019-08-28,7.0
2019-08-29,7.31
2019-08-30,7.73
2019-09-02,7.79
2019-09-03,7.56
2019-09-04,7.62
2019-09-05,7.55
2019-09-06,7.38
2019-09-09,7.01
2019-09-10,6.78
2019-09-11,6.98
2019-09-12,7.1
2019-09-13,6.91
2019-09-16,6.95
2019-09-17,6.97
2019-09-18,7.03
2019-09-19,7.4
2019-09-20,7.4
2019-09-23,7.56
2019-09-24,7.47
2019-09-25,7.64
2019-09-26,7.86
2019-09-27,7.87
2019-09-30,7.92
2019-10-01,7.8
2019-10-02,7.47
2019-10-03,7.8
2019-10-04,7.89
2019-10-07,7.83
2019-10-08,7.72
2019-10-09,7.59
2019-10-10,7.53
2019-10-11,7.75
2019-10-14,7.78
2019-10-15,7.79
2019-10-16,7.82
2019-10-17,7.9
2019-10-18,7.84
2019-10-21,7.81
2019-10-22,7.81
2019-10-23,7.65
2019-10-24,7.49
2019-10-25,7.43
2019-10-28,7.36
2019-10-29,7.35
2019-10-30,7.4
2019-10-31,7.42
2019-11-01,7.64
2019-11-04,7.57
2019-11-05,7.38
2019-11-06,7.45
2019-11-07,7.42
2019-11-08,7.25
2019-11-11,7.31
2019-11-12,7.09
2019-11-13,7.02
2019-11-14,7.6
2019-11-18,7.56
2019-11-19,7.45
2019-11-21,7.55
2019-11-22,7.86
2019-11-25,7.93
2019-11-26,7.95
2019-11-27,8.27
2019-11-28,8.59
2019-11-29,8.81
2019-12-02,9.17
2019-12-03,9.5
2019-12-04,9.45
2019-12-05,9.32
2019-12-06,10.0
2019-12-09,10.23
2019-12-10,10.2
2019-12-11,10.32
2019-12-12,10.0
2019-12-13,10.87
2019-12-16,11.25
2019-12-17,10.99
2019-12-18,11.26
2019-12-19,11.24
2019-12-20,11.37
2019-12-23,11.67
2019-12-26,11.8
2019-12-27,11.5
2019-12-30,11.17
2020-01-02,11.73
2020-01-03,11.48
2020-01-06,11.48
2020-01-07,11.65
2020-01-08,11.6
2020-01-09,11.66
2020-01-10,11.7
2020-01-13,12.7
2020-01-14,13.35
2020-01-15,13.55
2020-01-16,13.59
2020-01-17,13.73
2020-01-20,14.01
2020-01-21,14.32
2020-01-22,15.0
2020-01-23,15.16
2020-01-24,15.0
2020-01-27,13.9
2020-01-28,14.64
2020-01-29,14.45
2020-01-30,14.65
2020-01-31,14.0
2020-02-03,14.49
2020-02-04,14.95
2020-02-05,15.14
2020-02-06,14.85
2020-02-07,14.32
2020-02-10,13.79
2020-02-11,14.62
2020-02-12,14.99
2020-02-13,15.01
2020-02-14,14.73
2020-02-17,15.1
2020-02-18,14.97
2020-02-19,15.9
2020-02-20,15.95
2020-02-21,16.64
2020-02-26,15.0
2020-02-27,14.08
2020-02-28,13.81
2020-03-02,14.34
2020-03-03,14.37
2020-03-04,14.98
2020-03-05,13.96
2020-03-06,11.56
2020-03-09,9.58
2020-03-10,11.62
2020-03-11,11.0
2020-03-12,8.5
2020-03-13,9.71
2020-03-16,7.56
2020-03-17,7.04
2020-03-18,4.82
2020-03-19,5.11
2020-03-20,4.97
2020-03-23,4.41
2020-03-24,5.01
2020-03-25,5.71
2020-03-26,5.7
2020-03-27,5.7
2020-03-30,5.45
2020-03-31,5.28
2020-04-01,4.65
2020-04-02,4.38
2020-04-03,4.1
2020-04-06,4.36
2020-04-07,4.42
2020-04-08,5.03
2020-04-09,5.15
2020-04-13,5.43
2020-04-14,6.09
2020-04-15,6.32
2020-04-16,6.41
2020-04-17,6.48
2020-04-20,6.59
2020-04-22,7.4
2020-04-23,7.36
2020-04-24,6.38
2020-04-27,7.57
2020-04-28,9.04
2020-04-29,9.18
2020-04-30,9.18
2020-05-04,9.5
2020-05-05,9.7
2020-05-06,10.01
2020-05-07,9.74
2020-05-08,8.85
2020-05-11,8.88
2020-05-12,8.55
2020-05-13,9.14
2020-05-14,9.02
2020-05-15,8.68
2020-05-18,8.87
2020-05-19,9.29
2020-05-20,9.16
2020-05-21,9.49
2020-05-22,9.7
2020-05-25,11.21
2020-05-26,11.57
2020-05-27,12.18
2020-05-28,12.58
2020-05-29,12.4
2020-06-01,13.43
2020-06-02,13.28
2020-06-03,13.48
2020-06-04,13.95
2020-06-05,14.85
2020-06-08,15.5
2020-06-09,14.97
2020-06-10,14.95
2020-06-12,14.64
2020-06-15,15.62
2020-06-16,15.15
2020-06-17,15.14
2020-06-18,15.13
2020-06-19,15.18
2020-06-22,14.9
2020-06-23,15.03
2020-06-24,14.58
2020-06-25,14.55
2020-06-26,14.29
2020-06-29,15.38
2020-06-30,15.31
2020-07-01,15.99
2020-07-02,15.39
2020-07-03,15.55
2020-07-06,15.96
2020-07-07,15.86
2020-07-08,16.37
2020-07-09,17.55
2020-07-10,17.62
2020-07-13,17.65
2020-07-14,17.75
2020-07-15,18.45
2020-07-16,19.0
2020-07-17,19.72
2020-07-20,21.17
2020-07-21,20.62
2020-07-22,21.29
2020-07-23,19.8
2020-07-24,19.54
2020-07-27,18.91
2020-07-28,20.41
2020-07-29,20.12
2020-07-30,20.2
2020-07-31,19.52
2020-08-03,20.11
2020-08-04,19.86
2020-08-05,20.0
2020-08-06,19.59
2020-08-07,19.03
2020-08-10,19.17
2020-08-11,18.74
2020-08-12,18.16
2020-08-13,18.78
2020-08-14,18.6
2020-08-17,17.54
2020-08-18,18.97
2020-08-19,19.28
2020-08-20,19.55
2020-08-21,19.74
